target,0.isSuccess,0.created,1.isSuccess,1.created,
test/ABC265/A/WA/34202153.c,false,10000,false,10000,
test/ABC265/A/WA/34206891.c,false,10000,false,10000,
test/ABC265/A/WA/34207296.c,
test/ABC265/A/WA/34208829.c,true,32,true,33,
test/ABC265/A/WA/34211322.c,true,160,true,7805,
test/ABC265/A/WA/34212385.c,true,62,true,133,
test/ABC265/A/WA/34212475.c,false,10000,false,10000,
test/ABC265/A/WA/34212857.c,false,10000,false,10000,
test/ABC265/A/WA/34212989.c,false,10000,false,10000,
test/ABC265/A/WA/34214116.c,false,10000,false,10000,
test/ABC265/A/WA/34216199.c,true,1562,true,4824,
test/ABC265/A/WA/34216809.c,false,10000,false,10000,
test/ABC265/A/WA/34216825.c,false,10000,false,10000,
test/ABC265/A/WA/34217623.c,false,10000,false,10000,
test/ABC265/A/WA/34218341.c,false,10000,false,10000,
test/ABC265/A/WA/34218516.c,false,10000,false,10000,
test/ABC265/A/WA/34220500.c,false,10000,false,10000,
test/ABC265/A/WA/34220909.c,false,10000,false,10000,
test/ABC265/A/WA/34221373.c,false,10000,false,10000,
test/ABC265/A/WA/34222363.c,false,10000,false,10000,
test/ABC265/A/WA/34222627.c,false,10000,false,10000,
test/ABC265/A/WA/34223152.c,false,10000,true,2840,
test/ABC265/A/WA/34223475.c,false,10000,false,10000,
test/ABC265/A/WA/34223866.c,false,10000,false,10000,
test/ABC265/A/WA/34224620.c,false,10000,false,10000,
test/ABC265/A/WA/34224818.c,false,10000,false,10000,
test/ABC265/A/WA/34225031.c,true,7937,true,4093,
test/ABC265/A/WA/34225502.c,true,7777,true,2795,
test/ABC265/A/WA/34226848.c,false,10000,false,10000,
test/ABC265/A/WA/34228013.c,false,10000,false,10000,
test/ABC265/A/WA/34228161.c,false,10000,false,10000,
test/ABC265/A/WA/34228962.c,false,10000,false,10000,
test/ABC265/A/WA/34231867.c,false,10000,false,10000,
test/ABC265/A/WA/34236227.c,false,10000,false,10000,
test/ABC265/A/WA/34239424.c,false,10000,false,10000,
test/ABC265/A/WA/34239735.c,false,10000,false,10000,
test/ABC265/A/WA/34240301.c,false,10000,false,10000,
test/ABC265/A/WA/34241577.c,false,10000,false,10000,
test/ABC265/A/WA/34242915.c,false,10000,false,10000,
test/ABC265/A/WA/34243096.c,false,10000,false,10000,
test/ABC265/A/WA/34244947.c,false,10000,false,10000,
test/ABC265/A/WA/34245264.c,false,10000,false,10000,
test/ABC265/A/WA/34245494.c,false,10000,false,10000,
test/ABC265/A/WA/34255072.c,false,10000,false,10000,
test/ABC265/A/WA/34255164.c,false,10000,false,10000,
test/ABC265/A/WA/34255274.c,false,10000,false,10000,
test/ABC265/A/WA/34255385.c,true,7225,true,2899,
test/ABC265/A/WA/34255733.c,false,10000,false,10000,
test/ABC265/A/WA/34269430.c,false,10000,false,10000,
test/ABC265/A/WA/34269463.c,false,10000,false,10000,
test/ABC265/A/WA/34275650.c,false,10000,false,10000,
test/ABC265/A/WA/34275708.c,false,10000,false,10000,
test/ABC265/A/WA/34275769.c,false,10000,false,10000,
test/ABC265/A/WA/34278462.c,false,10000,false,10000,
test/ABC265/A/WA/34283445.c,false,10000,false,10000,
test/ABC265/A/WA/34283462.c,false,10000,false,10000,
test/ABC265/A/WA/34283482.c,false,10000,false,10000,
test/ABC265/A/WA/34291454.c,false,10000,false,10000,
test/ABC265/A/WA/34291547.c,false,10000,false,10000,
test/ABC265/A/WA/34291564.c,false,10000,false,10000,
test/ABC265/A/WA/34291666.c,false,10000,false,10000,
test/ABC265/A/WA/34291691.c,false,10000,false,10000,
test/ABC265/A/WA/34291721.c,true,4072,true,2933,
test/ABC265/A/WA/34291861.c,false,10000,false,10000,
test/ABC265/A/WA/34291884.c,false,10000,false,10000,
test/ABC265/A/WA/34292002.c,true,3875,true,1362,
test/ABC265/A/WA/34292112.c,true,4923,true,564,
test/ABC265/A/WA/34297297.c,false,10000,false,10000,
test/ABC265/A/WA/34302748.c,false,10000,false,10000,
test/ABC265/A/WA/34317686.c,false,10000,false,10000,
test/ABC265/A/WA/34323068.c,false,10000,false,10000,
test/ABC265/A/WA/34324060.c,false,10000,false,10000,
test/ABC265/A/WA/34324461.c,false,10000,false,10000,
test/ABC265/A/WA/34324668.c,false,10000,false,10000,
test/ABC265/A/WA/34324821.c,false,10000,false,10000,
test/ABC265/A/WA/34324881.c,false,10000,false,10000,
test/ABC265/A/WA/34324923.c,false,10000,false,10000,
test/ABC265/A/WA/34324968.c,false,10000,false,10000,
test/ABC265/A/WA/34324988.c,false,10000,false,10000,
test/ABC265/A/WA/34325193.c,false,10000,false,10000,
test/ABC265/A/WA/34335251.c,false,10000,false,10000,
test/ABC265/A/WA/34338524.c,false,10000,false,10000,
test/ABC265/A/WA/34339354.c,false,10000,false,10000,
test/ABC265/A/WA/34357787.c,
test/ABC265/A/WA/34357791.c,
test/ABC265/A/WA/34357806.c,
test/ABC265/A/WA/34360665.c,false,10000,false,10000,
test/ABC265/A/WA/34364599.c,false,10000,false,10000,
test/ABC265/A/WA/34388240.c,false,10000,false,10000,
test/ABC265/A/WA/34458445.c,false,10000,false,10000,
test/ABC265/A/WA/34466851.c,false,10000,false,10000,
test/ABC265/A/WA/34508308.c,false,10000,false,10000,
test/ABC265/A/WA/34521692.c,false,10000,false,10000,
test/ABC265/A/WA/34521845.c,false,10000,false,10000,
test/ABC265/A/WA/34521860.c,false,10000,false,10000,
test/ABC265/A/WA/34521941.c,false,10000,false,10000,
test/ABC265/A/WA/34528027.c,false,10000,false,10000,
test/ABC265/A/WA/34634924.c,false,10000,false,10000,
test/ABC265/A/WA/34720117.c,false,10000,false,10000,
test/ABC265/A/WA/34720434.c,false,10000,false,10000,
test/ABC265/A/WA/34845370.c,false,10000,false,10000,
test/ABC265/A/WA/34866071.c,
test/ABC265/A/WA/34878551.c,false,10000,false,10000,
test/ABC265/A/WA/35027644.c,false,10000,false,10000,
test/ABC265/A/WA/35186597.c,false,10000,false,10000,
test/ABC265/A/WA/35186650.c,false,10000,false,10000,
test/ABC265/A/WA/35403577.c,false,10000,false,10000,
test/ABC265/A/WA/35403587.c,false,10000,false,10000,
test/ABC265/A/WA/35403674.c,false,10000,false,10000,
test/ABC265/A/WA/35414151.c,false,10000,false,10000,
test/ABC265/A/WA/35416554.c,false,10000,false,10000,
test/ABC265/A/WA/35417297.c,false,10000,false,10000,
test/ABC266/A/WA/34369922.c,
test/ABC266/A/WA/34371068.c,true,1039,true,53,
test/ABC266/A/WA/34371689.c,false,10000,false,10000,
test/ABC266/A/WA/34374151.c,false,10000,false,10000,
test/ABC266/A/WA/34375113.c,true,3537,false,10000,
test/ABC266/A/WA/34379530.c,true,4108,true,252,
test/ABC266/A/WA/34380529.c,
test/ABC266/A/WA/34380681.c,true,3893,true,173,
test/ABC266/A/WA/34382806.c,false,10000,false,10000,
test/ABC266/A/WA/34386025.c,false,10000,false,10000,
test/ABC266/A/WA/34386242.c,false,10000,false,10000,
test/ABC266/A/WA/34387647.c,true,1043,false,10000,
test/ABC266/A/WA/34388092.c,true,829,true,862,
test/ABC266/A/WA/34388373.c,false,10000,false,10000,
test/ABC266/A/WA/34388574.c,true,3644,true,4222,
test/ABC266/A/WA/34388660.c,false,10000,false,10000,
test/ABC266/A/WA/34388746.c,true,7762,true,369,
test/ABC266/A/WA/34389174.c,true,386,false,10000,
test/ABC266/A/WA/34389882.c,false,10000,true,8770,
test/ABC266/A/WA/34395922.c,false,10000,false,10000,
test/ABC266/A/WA/34398934.c,false,10000,false,10000,
test/ABC266/A/WA/34400199.c,false,10000,false,10000,
test/ABC266/A/WA/34400376.c,true,33,true,34,
test/ABC266/A/WA/34410301.c,false,10000,false,10000,
test/ABC266/A/WA/34419742.c,false,10000,false,10000,
test/ABC266/A/WA/34439247.c,false,10000,false,10000,
test/ABC266/A/WA/34439326.c,false,10000,false,10000,
test/ABC266/A/WA/34439387.c,false,10000,false,10000,
test/ABC266/A/WA/34439394.c,false,10000,false,10000,
test/ABC266/A/WA/34440081.c,false,10000,false,10000,
test/ABC266/A/WA/34440323.c,false,10000,false,10000,
test/ABC266/A/WA/34478981.c,false,10000,false,10000,
test/ABC266/A/WA/34502158.c,false,10000,false,10000,
test/ABC266/A/WA/34502181.c,false,10000,false,10000,
test/ABC266/A/WA/34502199.c,true,39,true,596,
test/ABC266/A/WA/34502233.c,true,127,true,33,
test/ABC266/A/WA/34515128.c,true,4610,false,10000,
test/ABC266/A/WA/34520112.c,false,10000,false,10000,
test/ABC266/A/WA/34520157.c,false,10000,false,10000,
test/ABC266/A/WA/34520176.c,false,10000,false,10000,
test/ABC266/A/WA/34520508.c,false,10000,false,10000,
test/ABC266/A/WA/34520525.c,false,10000,false,10000,
test/ABC266/A/WA/34520595.c,false,10000,false,10000,
test/ABC266/A/WA/34520659.c,false,10000,false,10000,
test/ABC266/A/WA/34520813.c,false,10000,false,10000,
test/ABC266/A/WA/34520821.c,false,10000,true,7913,
test/ABC266/A/WA/34683285.c,false,10000,true,2998,
test/ABC266/A/WA/34698253.c,false,10000,false,10000,
test/ABC266/A/WA/34884476.c,true,841,true,1226,
test/ABC266/A/WA/34884528.c,true,9393,true,4300,
test/ABC266/A/WA/35174802.c,
test/ABC266/A/WA/35327372.c,false,10000,false,10000,
test/ABC266/A/WA/35327392.c,false,10000,false,10000,
test/ABC266/A/WA/35327436.c,false,10000,true,3508,
test/ABC266/A/WA/35327968.c,false,10000,false,10000,
test/ABC266/A/WA/35328111.c,false,10000,false,10000,
test/ABC266/A/WA/35463393.c,false,10000,false,10000,
test/ABC266/A/WA/35463434.c,false,10000,false,10000,
test/ABC266/A/WA/35463762.c,true,1472,true,1948,
test/ABC266/A/WA/35464024.c,false,10000,false,10000,
test/ABC266/A/WA/35464196.c,false,10000,false,10000,
test/ABC266/A/WA/35577366.c,
test/ABC267/A/WA/34535477.c,true,36,true,40,
test/ABC267/A/WA/34535679.c,true,273,true,209,
test/ABC267/A/WA/34536872.c,false,10000,false,10000,
test/ABC267/A/WA/34537880.c,true,5045,true,5147,
test/ABC267/A/WA/34538734.c,false,10000,false,10000,
test/ABC267/A/WA/34538918.c,false,10000,false,10000,
test/ABC267/A/WA/34538945.c,true,4650,false,10000,
test/ABC267/A/WA/34539362.c,false,10000,false,10000,
test/ABC267/A/WA/34540470.c,true,52,true,1000,
test/ABC267/A/WA/34541240.c,true,745,
test/ABC267/A/WA/34541282.c,true,63,true,181,
test/ABC267/A/WA/34541438.c,true,85,true,547,
test/ABC267/A/WA/34541879.c,true,549,true,1333,
test/ABC267/A/WA/34542281.c,false,10000,false,10000,
test/ABC267/A/WA/34542834.c,true,708,true,988,
test/ABC267/A/WA/34543100.c,true,34,true,37,
test/ABC267/A/WA/34543513.c,true,820,true,4436,
test/ABC267/A/WA/34543581.c,true,34,true,33,
test/ABC267/A/WA/34543942.c,true,33,true,35,
test/ABC267/A/WA/34544434.c,false,10000,false,10000,
test/ABC267/A/WA/34549577.c,true,984,true,2391,
test/ABC267/A/WA/34549689.c,true,1666,true,424,
test/ABC267/A/WA/34550337.c,true,442,true,105,
test/ABC267/A/WA/34550342.c,false,10000,false,10000,
test/ABC267/A/WA/34554006.c,false,10000,false,10000,
test/ABC267/A/WA/34555594.c,true,903,true,176,
test/ABC267/A/WA/34555848.c,false,10000,false,10000,
test/ABC267/A/WA/34557039.c,false,10000,false,10000,
test/ABC267/A/WA/34562346.c,false,10000,false,10000,
test/ABC267/A/WA/34563923.c,true,1452,true,849,
test/ABC267/A/WA/34564134.c,true,1520,true,885,
test/ABC267/A/WA/34564753.c,true,172,true,1367,
test/ABC267/A/WA/34565341.c,false,10000,false,10000,
test/ABC267/A/WA/34565403.c,false,10000,false,10000,
test/ABC267/A/WA/34566071.c,true,3267,true,683,
test/ABC267/A/WA/34566343.c,true,150,true,718,
test/ABC267/A/WA/34566811.c,true,251,true,223,
test/ABC267/A/WA/34567353.c,true,932,true,85,
test/ABC267/A/WA/34567574.c,true,2454,true,4563,
test/ABC267/A/WA/34568312.c,true,206,true,534,
test/ABC267/A/WA/34568440.c,false,10000,false,10000,
test/ABC267/A/WA/34568843.c,true,185,true,2088,
test/ABC267/A/WA/34569141.c,true,301,true,1527,
test/ABC267/A/WA/34569797.c,true,263,true,816,
test/ABC267/A/WA/34570061.c,
test/ABC267/A/WA/34570365.c,true,396,true,687,
test/ABC267/A/WA/34570909.c,true,892,true,6332,
test/ABC267/A/WA/34572045.c,true,1741,true,9236,
test/ABC267/A/WA/34572056.c,
test/ABC267/A/WA/34581385.c,
test/ABC267/A/WA/34584088.c,true,778,true,798,
test/ABC267/A/WA/34589591.c,true,33,true,33,
test/ABC267/A/WA/34589606.c,true,32,true,33,
test/ABC267/A/WA/34591630.c,false,10000,false,10000,
test/ABC267/A/WA/34598560.c,true,4000,true,576,
test/ABC267/A/WA/34623925.c,
test/ABC267/A/WA/34630480.c,false,10000,false,10000,
test/ABC267/A/WA/34630531.c,false,10000,false,10000,
test/ABC267/A/WA/34630571.c,true,704,true,394,
test/ABC267/A/WA/34630578.c,true,335,true,110,
test/ABC267/A/WA/34640273.c,false,10000,false,10000,
test/ABC267/A/WA/34660991.c,true,40,true,33,
test/ABC267/A/WA/34661005.c,true,42,true,32,
test/ABC267/A/WA/34683899.c,true,54,true,1416,
test/ABC267/A/WA/34683954.c,false,10000,true,1876,
test/ABC267/A/WA/34706656.c,false,10000,false,10000,
test/ABC267/A/WA/34838928.c,false,10000,false,10000,
test/ABC267/A/WA/34839273.c,true,347,true,1054,
test/ABC267/A/WA/34961964.c,false,10000,false,10000,
test/ABC267/A/WA/35013899.c,true,3115,true,8242,
test/ABC267/A/WA/35016345.c,true,2291,true,533,
test/ABC267/A/WA/35017179.c,true,188,true,837,
test/ABC267/A/WA/35033694.c,false,10000,true,4504,
test/ABC267/A/WA/35033707.c,true,1683,true,5167,
test/ABC267/A/WA/35033766.c,
test/ABC267/A/WA/35033785.c,true,1000,true,7337,
test/ABC267/A/WA/35033822.c,true,5467,true,3340,
test/ABC267/A/WA/35033889.c,true,411,true,2734,
test/ABC267/A/WA/35033929.c,true,7466,true,622,
test/ABC267/A/WA/35285812.c,true,1505,false,10000,
test/ABC267/A/WA/35286161.c,false,10000,false,10000,
test/ABC267/A/WA/35526501.c,false,10000,false,10000,
test/ABC267/A/WA/35526593.c,false,10000,false,10000,
test/ABC267/A/WA/35526621.c,false,10000,false,10000,
test/ABC267/A/WA/35531401.c,false,10000,false,10000,
test/ABC267/A/WA/35531425.c,false,10000,false,10000,
test/ABC268/A/WA/34733903.c,true,6042,false,10000,
test/ABC268/A/WA/34734949.c,false,10000,false,10000,
test/ABC268/A/WA/34736605.c,false,10000,false,10000,
test/ABC268/A/WA/34738444.c,
test/ABC268/A/WA/34739384.c,true,996,true,8177,
test/ABC268/A/WA/34739407.c,true,94,true,158,
test/ABC268/A/WA/34742043.c,true,2817,false,10000,
test/ABC268/A/WA/34742230.c,true,717,true,672,
test/ABC268/A/WA/34742668.c,true,5196,false,10000,
test/ABC268/A/WA/34742716.c,false,10000,true,6059,
test/ABC268/A/WA/34743273.c,true,5212,true,2204,
test/ABC268/A/WA/34743732.c,true,944,true,136,
test/ABC268/A/WA/34744124.c,true,806,true,6082,
test/ABC268/A/WA/34744223.c,true,2344,true,86,
test/ABC268/A/WA/34744533.c,true,3059,true,210,
test/ABC268/A/WA/34746077.c,false,10000,false,10000,
test/ABC268/A/WA/34746216.c,false,10000,false,10000,
test/ABC268/A/WA/34747100.c,true,3801,true,620,
test/ABC268/A/WA/34747467.c,true,35,true,41,
test/ABC268/A/WA/34749049.c,false,10000,false,10000,
test/ABC268/A/WA/34749829.c,false,10000,false,10000,
test/ABC268/A/WA/34750477.c,false,10000,false,10000,
test/ABC268/A/WA/34751176.c,true,2165,true,888,
test/ABC268/A/WA/34751535.c,true,5091,true,1292,
test/ABC268/A/WA/34752521.c,true,824,true,3696,
test/ABC268/A/WA/34760507.c,true,234,true,1633,
test/ABC268/A/WA/34764944.c,false,10000,false,10000,
test/ABC268/A/WA/34770394.c,true,32,true,32,
test/ABC268/A/WA/34770415.c,true,32,true,33,
test/ABC268/A/WA/34809860.c,false,10000,false,10000,
test/ABC268/A/WA/34842030.c,true,32,true,32,
test/ABC268/A/WA/34852790.c,true,757,true,1221,
test/ABC268/A/WA/34897396.c,false,10000,false,10000,
test/ABC268/A/WA/34961248.c,false,10000,false,10000,
test/ABC268/A/WA/34989492.c,false,10000,false,10000,
test/ABC268/A/WA/34989522.c,true,1528,true,5223,
test/ABC268/A/WA/35063648.c,false,10000,false,10000,
test/ABC268/A/WA/35063709.c,false,10000,false,10000,
test/ABC268/A/WA/35403545.c,false,10000,false,10000,
test/ABC268/A/WA/35406002.c,false,10000,false,10000,
test/ABC268/A/WA/35421407.c,true,686,true,144,
test/ABC268/A/WA/35579277.c,false,10000,false,10000,
test/ABC268/A/WA/35579562.c,false,10000,false,10000,
test/ABC268/A/WA/35584351.c,false,10000,
test/ABC268/A/WA/35584677.c,false,10000,false,10000,
test/ABC268/A/WA/35584799.c,false,10000,false,10000,
test/ABC268/A/WA/35585114.c,false,10000,false,10000,
test/ABC268/A/WA/35585128.c,false,10000,false,10000,
test/ABC268/A/WA/35585228.c,false,10000,false,10000,
test/ABC269/A/WA/34921869.c,true,1650,true,768,
test/ABC269/A/WA/34922833.c,true,1032,true,333,
test/ABC269/A/WA/34923443.c,false,10000,false,10000,
test/ABC269/A/WA/34926057.c,false,10000,false,10000,
test/ABC269/A/WA/34927044.c,false,10000,false,10000,
test/ABC269/A/WA/34927454.c,false,10000,false,10000,
test/ABC269/A/WA/34928256.c,false,10000,false,10000,
test/ABC269/A/WA/34929189.c,false,10000,false,10000,
test/ABC269/A/WA/34929225.c,false,10000,false,10000,
test/ABC269/A/WA/34929352.c,false,10000,false,10000,
test/ABC269/A/WA/34930334.c,false,10000,false,10000,
test/ABC269/A/WA/34931004.c,false,10000,false,10000,
test/ABC269/A/WA/34931904.c,false,10000,false,10000,
test/ABC269/A/WA/34932100.c,true,746,true,36,
test/ABC269/A/WA/34939011.c,
test/ABC269/A/WA/34939742.c,
test/ABC269/A/WA/34941652.c,false,10000,false,10000,
test/ABC269/A/WA/34942145.c,
test/ABC269/A/WA/34942367.c,
test/ABC269/A/WA/34942828.c,
test/ABC269/A/WA/34945587.c,false,10000,false,10000,
test/ABC269/A/WA/34946593.c,false,10000,false,10000,
test/ABC269/A/WA/34946811.c,false,10000,false,10000,
test/ABC269/A/WA/34948000.c,true,1285,true,3166,
test/ABC269/A/WA/34948044.c,
test/ABC269/A/WA/34951502.c,false,10000,false,10000,
test/ABC269/A/WA/34958815.c,false,10000,false,10000,
test/ABC269/A/WA/34958981.c,false,10000,false,10000,
test/ABC269/A/WA/34961168.c,false,10000,true,5121,
test/ABC269/A/WA/34971958.c,false,10000,false,10000,
test/ABC269/A/WA/34977707.c,false,10000,false,10000,
test/ABC269/A/WA/34983057.c,false,10000,false,10000,
test/ABC269/A/WA/35008595.c,false,10000,false,10000,
test/ABC269/A/WA/35016355.c,false,10000,false,10000,
test/ABC269/A/WA/35016383.c,false,10000,false,10000,
test/ABC269/A/WA/35016424.c,false,10000,false,10000,
test/ABC269/A/WA/35023811.c,false,10000,false,10000,
test/ABC269/A/WA/35023822.c,false,10000,false,10000,
test/ABC269/A/WA/35023833.c,false,10000,false,10000,
test/ABC269/A/WA/35023836.c,false,10000,false,10000,
test/ABC269/A/WA/35030565.c,false,10000,false,10000,
test/ABC269/A/WA/35030610.c,false,10000,false,10000,
test/ABC269/A/WA/35030628.c,false,10000,false,10000,
test/ABC269/A/WA/35030643.c,false,10000,true,2464,
test/ABC269/A/WA/35041696.c,
test/ABC269/A/WA/35045655.c,false,10000,false,10000,
test/ABC269/A/WA/35045680.c,
test/ABC269/A/WA/35045769.c,true,537,true,979,
test/ABC269/A/WA/35045796.c,false,10000,false,10000,
test/ABC269/A/WA/35045902.c,false,10000,false,10000,
test/ABC269/A/WA/35045916.c,false,10000,false,10000,
test/ABC269/A/WA/35046063.c,false,10000,false,10000,
test/ABC269/A/WA/35046082.c,false,10000,false,10000,
test/ABC269/A/WA/35046247.c,true,292,true,135,
test/ABC269/A/WA/35062760.c,true,4212,true,2135,
test/ABC269/A/WA/35062776.c,true,969,true,387,
test/ABC269/A/WA/35062823.c,true,1791,true,700,
test/ABC269/A/WA/35062861.c,false,10000,false,10000,
test/ABC269/A/WA/35062908.c,false,10000,false,10000,
test/ABC269/A/WA/35062924.c,false,10000,false,10000,
test/ABC269/A/WA/35062966.c,
test/ABC269/A/WA/35063348.c,true,1827,true,85,
test/ABC269/A/WA/35063396.c,true,1186,true,191,
test/ABC269/A/WA/35063446.c,true,5360,true,568,
test/ABC269/A/WA/35063464.c,true,112,true,1465,
test/ABC269/A/WA/35063561.c,true,1231,true,4945,
test/ABC269/A/WA/35063650.c,false,10000,false,10000,
test/ABC269/A/WA/35063720.c,false,10000,false,10000,
test/ABC269/A/WA/35063893.c,false,10000,false,10000,
test/ABC269/A/WA/35064636.c,true,194,true,1384,
test/ABC269/A/WA/35085600.c,true,3858,true,151,
test/ABC269/A/WA/35166735.c,false,10000,false,10000,
test/ABC269/A/WA/35193460.c,false,10000,false,10000,
test/ABC269/A/WA/35193524.c,false,10000,false,10000,
test/ABC269/A/WA/35193568.c,false,10000,false,10000,
test/ABC269/A/WA/35193586.c,false,10000,false,10000,
test/ABC269/A/WA/35199620.c,false,10000,false,10000,
test/ABC269/A/WA/35199633.c,false,10000,false,10000,
test/ABC269/A/WA/35199669.c,false,10000,false,10000,
test/ABC269/A/WA/35199690.c,false,10000,false,10000,
test/ABC269/A/WA/35242382.c,true,40,true,36,
test/ABC269/A/WA/35242390.c,true,66,true,70,
test/ABC269/A/WA/35354102.c,true,45,true,36,
test/ABC269/A/WA/35356573.c,false,10000,false,10000,
test/ABC269/A/WA/35370152.c,false,10000,false,10000,
test/ABC269/A/WA/35380772.c,false,10000,false,10000,
test/ABC270/A/WA/35093281.c,false,10000,false,10000,
test/ABC270/A/WA/35094867.c,true,372,true,249,
test/ABC270/A/WA/35096720.c,true,100,true,453,
test/ABC270/A/WA/35098023.c,true,795,true,933,
test/ABC270/A/WA/35100502.c,true,34,true,34,
test/ABC270/A/WA/35101886.c,true,1456,true,2442,
test/ABC270/A/WA/35102079.c,true,1652,true,1192,
test/ABC270/A/WA/35103589.c,true,2452,true,6112,
test/ABC270/A/WA/35104850.c,true,42,true,32,
test/ABC270/A/WA/35106280.c,true,33,true,33,
test/ABC270/A/WA/35109016.c,true,34,true,37,
test/ABC270/A/WA/35109239.c,false,10000,false,10000,
test/ABC270/A/WA/35109655.c,false,10000,true,2651,
test/ABC270/A/WA/35110132.c,true,4766,true,9714,
test/ABC270/A/WA/35110676.c,true,327,true,2906,
test/ABC270/A/WA/35111727.c,true,3944,true,3877,
test/ABC270/A/WA/35111833.c,false,10000,false,10000,
test/ABC270/A/WA/35115845.c,true,1718,true,1247,
test/ABC270/A/WA/35116443.c,true,32,true,33,
test/ABC270/A/WA/35116976.c,true,33,true,32,
test/ABC270/A/WA/35117346.c,true,34,true,32,
test/ABC270/A/WA/35122159.c,false,10000,false,10000,
test/ABC270/A/WA/35125007.c,
test/ABC270/A/WA/35127323.c,true,904,false,10000,
test/ABC270/A/WA/35128186.c,true,7762,true,6709,
test/ABC270/A/WA/35131148.c,true,34,true,32,
test/ABC270/A/WA/35132472.c,true,39,true,33,
test/ABC270/A/WA/35133982.c,true,1158,true,1156,
test/ABC270/A/WA/35134517.c,true,551,false,10000,
test/ABC270/A/WA/35135605.c,true,32,true,37,
test/ABC270/A/WA/35135653.c,true,514,true,2477,
test/ABC270/A/WA/35141484.c,true,2052,true,2559,
test/ABC270/A/WA/35141666.c,true,37,true,33,
test/ABC270/A/WA/35142188.c,true,4834,false,10000,
test/ABC270/A/WA/35144147.c,true,33,true,32,
test/ABC270/A/WA/35144875.c,true,32,true,37,
test/ABC270/A/WA/35144974.c,true,33,true,41,
test/ABC270/A/WA/35144995.c,true,36,true,32,
test/ABC270/A/WA/35145177.c,false,10000,false,10000,
test/ABC270/A/WA/35145245.c,false,10000,false,10000,
test/ABC270/A/WA/35145410.c,true,34,true,32,
test/ABC270/A/WA/35147761.c,true,2000,true,4118,
test/ABC270/A/WA/35170791.c,true,2998,true,6100,
test/ABC270/A/WA/35175169.c,true,33,true,33,
test/ABC270/A/WA/35175189.c,true,32,true,32,
test/ABC270/A/WA/35175234.c,true,33,true,33,
test/ABC270/A/WA/35175283.c,true,2540,true,984,
test/ABC270/A/WA/35175458.c,true,36,true,32,
test/ABC270/A/WA/35175479.c,true,35,true,32,
test/ABC270/A/WA/35175531.c,true,32,true,35,
test/ABC270/A/WA/35175553.c,true,36,true,32,
test/ABC270/A/WA/35175667.c,false,10000,true,510,
test/ABC270/A/WA/35175881.c,true,37,true,35,
test/ABC270/A/WA/35175960.c,true,208,true,170,
test/ABC270/A/WA/35176185.c,false,10000,false,10000,
test/ABC270/A/WA/35176694.c,true,994,false,10000,
test/ABC270/A/WA/35193573.c,true,32,true,32,
test/ABC270/A/WA/35193667.c,true,1670,true,1497,
test/ABC270/A/WA/35194307.c,true,32,true,33,
test/ABC270/A/WA/35196738.c,false,10000,false,10000,
test/ABC270/A/WA/35196847.c,true,1109,false,10000,
test/ABC270/A/WA/35196856.c,false,10000,false,10000,
test/ABC270/A/WA/35197009.c,false,10000,true,6108,
test/ABC270/A/WA/35197374.c,false,10000,false,10000,
test/ABC270/A/WA/35197533.c,false,10000,false,10000,
test/ABC270/A/WA/35225367.c,false,10000,true,9179,
test/ABC270/A/WA/35242327.c,true,7307,false,10000,
test/ABC270/A/WA/35243072.c,true,51,true,3542,
test/ABC270/A/WA/35331397.c,false,10000,false,10000,
test/ABC270/A/WA/35331741.c,true,4393,true,3778,
test/ABC270/A/WA/35360792.c,true,3183,false,10000,
test/ABC270/A/WA/35363347.c,true,33,true,32,
test/ABC270/A/WA/35363373.c,true,35,true,33,
test/ABC270/A/WA/35363392.c,true,32,true,34,
test/ABC270/A/WA/35374688.c,false,10000,false,10000,
test/ABC270/A/WA/35379636.c,false,10000,true,6789,
test/ABC270/A/WA/35379694.c,true,7521,false,10000,
test/ABC270/A/WA/35379768.c,true,815,true,1795,
test/ABC270/A/WA/35390794.c,false,10000,false,10000,
test/ABC270/A/WA/35390804.c,false,10000,false,10000,
test/ABC270/A/WA/35391515.c,true,8430,false,10000,
test/ABC270/A/WA/35391564.c,true,9135,true,3572,
test/ABC270/A/WA/35391619.c,true,138,true,1889,
test/ABC270/A/WA/35391674.c,true,2386,true,1268,
test/ABC270/A/WA/35391719.c,true,6751,true,3724,
test/ABC270/A/WA/35392085.c,true,5895,false,10000,
test/ABC270/A/WA/35392545.c,true,3294,true,2925,
test/ABC270/A/WA/35392725.c,false,10000,true,454,
test/ABC270/A/WA/35393227.c,true,824,true,1000,
test/ABC270/A/WA/35393416.c,true,6283,false,10000,
test/ABC270/A/WA/35400031.c,false,10000,false,10000,
test/ABC270/A/WA/35400098.c,true,856,true,2999,
test/ABC270/A/WA/35428708.c,false,10000,false,10000,
test/ABC270/A/WA/35428795.c,false,10000,false,10000,
test/ABC270/A/WA/35441320.c,
test/ABC270/A/WA/35441475.c,
test/ABC270/A/WA/35441495.c,
test/ABC270/A/WA/35441502.c,
test/ABC270/A/WA/35441520.c,
test/ABC270/A/WA/35441533.c,
test/ABC270/A/WA/35441601.c,
test/ABC270/A/WA/35441628.c,
test/ABC270/A/WA/35441668.c,
test/ABC270/A/WA/35442503.c,
test/ABC270/A/WA/35446810.c,
test/ABC271/A/WA/35271753.c,true,3876,true,482,
test/ABC271/A/WA/35272930.c,true,5087,true,4083,
test/ABC271/A/WA/35273196.c,true,355,true,43,
test/ABC271/A/WA/35274447.c,true,5644,true,69,
test/ABC271/A/WA/35274469.c,true,9701,true,1238,
test/ABC271/A/WA/35275418.c,false,10000,true,7092,
test/ABC271/A/WA/35275433.c,false,10000,false,10000,
test/ABC271/A/WA/35277011.c,true,244,true,8369,
test/ABC271/A/WA/35278230.c,false,10000,false,10000,
test/ABC271/A/WA/35278739.c,true,756,true,506,
test/ABC271/A/WA/35278802.c,true,482,true,7639,
test/ABC271/A/WA/35279726.c,
test/ABC271/A/WA/35280357.c,false,10000,false,10000,
test/ABC271/A/WA/35281225.c,true,1774,true,1527,
test/ABC271/A/WA/35281322.c,false,10000,false,10000,
test/ABC271/A/WA/35282035.c,false,10000,false,10000,
test/ABC271/A/WA/35282563.c,true,350,false,10000,
test/ABC271/A/WA/35282687.c,false,10000,false,10000,
test/ABC271/A/WA/35283368.c,true,671,true,2408,
test/ABC271/A/WA/35283446.c,false,10000,false,10000,
test/ABC271/A/WA/35284163.c,false,10000,false,10000,
test/ABC271/A/WA/35285760.c,false,10000,false,10000,
test/ABC271/A/WA/35286041.c,false,10000,false,10000,
test/ABC271/A/WA/35286213.c,false,10000,false,10000,
test/ABC271/A/WA/35286559.c,false,10000,false,10000,
test/ABC271/A/WA/35287447.c,false,10000,true,1344,
test/ABC271/A/WA/35287723.c,false,10000,false,10000,
test/ABC271/A/WA/35287802.c,true,6304,true,6457,
test/ABC271/A/WA/35288807.c,true,5215,true,7514,
test/ABC271/A/WA/35288898.c,true,493,true,541,
test/ABC271/A/WA/35290223.c,false,10000,true,6927,
test/ABC271/A/WA/35290937.c,false,10000,false,10000,
test/ABC271/A/WA/35291227.c,true,1401,true,184,
test/ABC271/A/WA/35291868.c,false,10000,false,10000,
test/ABC271/A/WA/35293994.c,false,10000,false,10000,
test/ABC271/A/WA/35297955.c,false,10000,true,1395,
test/ABC271/A/WA/35298251.c,false,10000,false,10000,
test/ABC271/A/WA/35299447.c,false,10000,false,10000,
test/ABC271/A/WA/35299903.c,false,10000,false,10000,
test/ABC271/A/WA/35300348.c,false,10000,false,10000,
test/ABC271/A/WA/35303434.c,false,10000,false,10000,
test/ABC271/A/WA/35303828.c,true,6514,true,2197,
test/ABC271/A/WA/35304193.c,true,1313,false,10000,
test/ABC271/A/WA/35304521.c,true,4807,false,10000,
test/ABC271/A/WA/35307523.c,true,35,true,33,
test/ABC271/A/WA/35308293.c,false,10000,true,7312,
test/ABC271/A/WA/35308774.c,false,10000,false,10000,
test/ABC271/A/WA/35312469.c,false,10000,false,10000,
test/ABC271/A/WA/35314893.c,false,10000,false,10000,
test/ABC271/A/WA/35318781.c,false,10000,true,6385,
test/ABC271/A/WA/35322117.c,true,9460,false,10000,
test/ABC271/A/WA/35322431.c,false,10000,false,10000,
test/ABC271/A/WA/35322497.c,false,10000,false,10000,
test/ABC271/A/WA/35322747.c,false,10000,false,10000,
test/ABC271/A/WA/35322781.c,false,10000,false,10000,
test/ABC271/A/WA/35322819.c,true,1249,true,7074,
test/ABC271/A/WA/35322846.c,true,7142,true,652,
test/ABC271/A/WA/35322922.c,false,10000,false,10000,
test/ABC271/A/WA/35323028.c,false,10000,false,10000,
test/ABC271/A/WA/35323144.c,true,1112,true,1510,
test/ABC271/A/WA/35324033.c,true,2518,true,6327,
test/ABC271/A/WA/35333165.c,false,10000,false,10000,
test/ABC271/A/WA/35333342.c,false,10000,false,10000,
test/ABC271/A/WA/35333390.c,false,10000,false,10000,
test/ABC271/A/WA/35333586.c,false,10000,false,10000,
test/ABC271/A/WA/35333619.c,false,10000,false,10000,
test/ABC271/A/WA/35356773.c,false,10000,false,10000,
test/ABC271/A/WA/35358164.c,false,10000,false,10000,
test/ABC271/A/WA/35358302.c,false,10000,false,10000,
test/ABC271/A/WA/35359796.c,false,10000,false,10000,
test/ABC271/A/WA/35373202.c,false,10000,false,10000,
test/ABC271/A/WA/35375207.c,false,10000,false,10000,
test/ABC271/A/WA/35375324.c,false,10000,false,10000,
test/ABC271/A/WA/35375344.c,false,10000,false,10000,
test/ABC271/A/WA/35375408.c,false,10000,false,10000,
test/ABC271/A/WA/35375441.c,false,10000,false,10000,
test/ABC271/A/WA/35375474.c,false,10000,false,10000,
test/ABC271/A/WA/35376049.c,true,4671,true,8880,
test/ABC271/A/WA/35389102.c,false,10000,true,1253,
test/ABC271/A/WA/35396777.c,true,697,true,4575,
test/ABC271/A/WA/35398712.c,false,10000,false,10000,
test/ABC271/A/WA/35407121.c,true,493,true,3552,
test/ABC271/A/WA/35445656.c,true,1362,true,2796,
test/ABC271/A/WA/35445683.c,true,318,true,2592,
test/ABC271/A/WA/35515883.c,true,188,true,4118,
test/ABC271/A/WA/35515988.c,false,10000,false,10000,
test/ABC271/A/WA/35554593.c,false,10000,true,7947,
test/ABC271/A/WA/35581268.c,true,9869,false,10000,
test/ABC271/A/WA/35581329.c,false,10000,false,10000,
test/ABC271/A/WA/35581364.c,false,10000,true,5293,
test/ABC271/A/WA/35581371.c,false,10000,false,10000,
test/ABC272/A/WA/35469736.c,true,200,true,1258,
test/ABC272/A/WA/35472361.c,false,10000,false,10000,
test/ABC272/A/WA/35473507.c,true,254,true,874,
test/ABC272/A/WA/35474232.c,false,10000,false,10000,
test/ABC272/A/WA/35476308.c,false,10000,true,1199,
test/ABC272/A/WA/35476825.c,false,10000,false,10000,
test/ABC272/A/WA/35478511.c,false,10000,false,10000,
test/ABC272/A/WA/35482319.c,false,10000,false,10000,
test/ABC272/A/WA/35482755.c,false,10000,false,10000,
test/ABC272/A/WA/35483690.c,true,157,true,877,
test/ABC272/A/WA/35483886.c,true,2247,true,2244,
test/ABC272/A/WA/35484338.c,false,10000,false,10000,
test/ABC272/A/WA/35484712.c,true,3052,false,10000,
test/ABC272/A/WA/35484994.c,false,10000,false,10000,
test/ABC272/A/WA/35485366.c,true,50,true,2972,
test/ABC272/A/WA/35485382.c,false,10000,false,10000,
test/ABC272/A/WA/35485534.c,true,34,true,32,
test/ABC272/A/WA/35485772.c,false,10000,false,10000,
test/ABC272/A/WA/35487415.c,false,10000,false,10000,
test/ABC272/A/WA/35487654.c,false,10000,false,10000,
test/ABC272/A/WA/35494501.c,false,10000,false,10000,
test/ABC272/A/WA/35494756.c,false,10000,false,10000,
test/ABC272/A/WA/35497222.c,
test/ABC272/A/WA/35508987.c,false,10000,false,10000,
test/ABC272/A/WA/35515715.c,false,10000,false,10000,
test/ABC272/A/WA/35520784.c,false,10000,false,10000,
test/ABC272/A/WA/35520843.c,false,10000,false,10000,
test/ABC272/A/WA/35552588.c,true,42,true,306,
test/ABC272/A/WA/35553888.c,true,1247,
